{
	"format_version": "1.8.0",
	"animations": {
		"animation.render": {
			"loop": true,
			"bones": {
				"root": {
					"rotation": ["variable.render = 1.0;", 0, 0]
				}
			}
		},
		"animation.player.cape": {
			"loop": true,
			"bones": {
			   	"cape": {
					"rotation": ["5-math.lerp(0, -126, 2.85+query.cape_flap_amount) - 2", 0, 0],
					"position": [0, 0, "query.get_root_locator_offset('armor_offset.default_neck', 1)"]
				},
				"cape1": {
					"rotation": ["-query.cape_flap_amount * (math.cos(query.modified_distance_moved * 20) * 25)", 0, "query.modified_move_speed * math.sin(query.body_y_rotation - query.head_y_rotation(0)) * 14"]
				},
				"cape2": {
					"rotation": ["-query.cape_flap_amount * math.cos(45 - query.modified_distance_moved * 20) * 25", 0, "query.modified_move_speed * math.sin(query.body_y_rotation - query.head_y_rotation(0)) * 14"]
				},
				"cape3": {
					"rotation": ["-query.cape_flap_amount * math.cos(85.5 - query.modified_distance_moved * 20) * 25", 0, "query.modified_move_speed * math.sin(query.body_y_rotation - query.head_y_rotation(0)) * 12"]
				},
				"cape4": {
					"rotation": ["-query.cape_flap_amount * math.cos(121.5 - query.modified_distance_moved * 20) * 25", 0, "query.modified_move_speed * math.sin(query.body_y_rotation - query.head_y_rotation(0)) * 10"]
				},
				"cape5": {
					"rotation": ["-query.cape_flap_amount * math.cos(153 - query.modified_distance_moved * 20) * 25", 0, "query.modified_move_speed * math.sin(query.body_y_rotation - query.head_y_rotation(0)) * 8"]
				},
				"cape6": {
					"rotation": ["-query.cape_flap_amount * math.cos(180 - query.modified_distance_moved * 20) * 25", 0, "query.modified_move_speed * math.sin(query.body_y_rotation - query.head_y_rotation(0)) * 7"]
				},
				"cape7": {
					"rotation": ["-3-query.cape_flap_amount * math.cos(202.5 - query.modified_distance_moved * 20) * 25", 0, "query.modified_move_speed * math.sin(query.body_y_rotation - query.head_y_rotation(0)) * 6"]
				},
				"cape8": {
					"rotation": ["-query.cape_flap_amount * math.cos(220.5 - query.modified_distance_moved * 20) * 25", 0, "query.modified_move_speed * math.sin(query.body_y_rotation - query.head_y_rotation(0)) * 5"]
				}
			}
		},
		"animation.player.cape1": {
			"loop": true,
			"bones": {
			   	"cape": {
					"position": [0, 0, 0.6]
				}
			}
		},
		"animation.player.cape2": {
		   	"loop": true,
			"bones": {
				"cape": {
					"rotation": ["5+Math.cos(query.life_time * 130) * 2 * 2", 0, 0]
					}
				}
		},
		"animation.player.cape3" : {
			"loop" : true,
			"bones" : {
				"cape" : {
					"position" : [ 0.0, "query.get_root_locator_offset('armor_offset.default_neck', 1)", 0.0 ],
					"rotation" : [ "5-math.lerp(0.0, -86.0, query.cape_flap_amount) - 6.0", 0.0, 0.0 ]
				}
			}
		}
	}
}